<?xml version="1.0"?>
<data grt_format="2.0">
  <value _ptr_="00000231A36B7F50" type="list" content-type="object" content-struct-name="db.mgmt.ServerInstance">
    <value type="object" struct-name="db.mgmt.ServerInstance" id="{3BA168DB-F028-4AD5-BAFE-90B1B65029BA}" struct-checksum="0x367436e2">
      <link type="object" struct-name="db.mgmt.Connection" key="connection">{7FE1A2B0-8951-4379-94AB-EB5499D63E8B}</link>
      <value _ptr_="00000231A5D4F880" type="dict" key="loginInfo">
        <value type="string" key="ssh.hostName"></value>
        <value type="string" key="ssh.key">C:\Users\jhonni.silva\AppData\Roaming/.ssh/ssh_private_key</value>
        <value type="string" key="ssh.localPort">3306</value>
        <value type="int" key="ssh.useKey">0</value>
        <value type="string" key="ssh.userName">mysql</value>
      </value>
      <value _ptr_="00000231A5D4FA00" type="dict" key="serverInfo">
        <value type="string" key="serverVersion">5.5</value>
        <value type="int" key="setupPending">0</value>
        <value type="string" key="sys.config.path">%ProgramData%\MySQL\MySQL Server 5.5\my.ini</value>
        <value type="string" key="sys.config.section">mysqld</value>
        <value type="string" key="sys.mysqld.service_name">MySQL</value>
        <value type="string" key="sys.mysqld.start">sc start mysql</value>
        <value type="string" key="sys.mysqld.stop">sc stop mysql</value>
        <value type="string" key="sys.sudo"></value>
        <value type="string" key="sys.system">Windows</value>
        <value type="int" key="sys.usesudo">1</value>
        <value type="int" key="windowsAdmin">1</value>
      </value>
      <value type="string" key="name">Proway</value>
    </value>
  </value>
</data>
